empresa,year,ventas,activos,precio_accion,numacciones,retorno_accion,utilidad,deuda
A,2023,6833000,10763000,139.03,293004.102,-.06637001,1350000,2735000
AA,2023,10551000,14155000,34,178471.908,-.27884579,-343000,1811000
AAOI,2023,217646,389186,19.32,35536.578,2.324564,-41349,82394
AAON,2023,1168518,941436,73.87,81244.857,.39107013,227494,38328
AAPL,2023,383285000,352583000,171.21,15634232,.22136545,114301000,111088000
ABBV,2023,54318000,134711000,154.97,1765537.421,-.0023508072,12757000,59385000
ABEO,2023,3500,64002,5.01,24773.317,.48650634,-47135,5400
ABT,2023,40109000,73214000,110.07,1736058.536,.022354603,6478000,14679000
ACA,2023,2307900,3577900,82.64,48759.966,.42227077,217300,568700
ACAD,2023,726437,748956,31.31,164180.377,.67636132,-73379,47800
ACCO,2023,1832800,2644800,6.08,94925.652,.14239585,44700,1016200
ACLS,2023,1130604,1281967,129.69,32747.459,.49115276,265795,91393
ACLX,2023,110319,825132,55.5,48686.187,.58304143,-89880,97625
ACMR,2023,557723,1490908,19.54,60607.795,.92994547,95839,99096
ACNT,2023,193179,163295,9.56,10125.533,.097718954,-37430,32828
ACU,2023,191500.947,149241.316,42.86,3585.07,.69421864,13188.617,15649.293
ADI,2023,12305539,48794478,198.56,496261.678,.20990658,3823112,6948733
ADM,2023,93935000,54631000,72.22,533381.255,-.22838354,3715000,9596000
ADMA,2023,258215,329182,4.52,225967.668,.15267682,21632,141418
ADPT,2023,170276,661134,4.9,144772.751,-.44416249,-227035,98772
ADTN,2023,1149100,1682512,7.34,78698.999,-.91320848,-221271,195000
AEHR,2023,64961,98143,41.25,28338.209,1.7047482,13375,6300
AEIS,2023,1655810,2556757,108.92,37280.657,.24289083,113694,1022753
AGCO,2023,14412400,11421200,121.41,74879.93700000001,-.082298279,1700400,1526600
AGEN,2023,156314,313913,.8279,381495.471,-1.0643318,-159549,78012
AGIO,2023,26823,937118,22.27,55891.284,-.23181701,-391487,71996
AIN,2023,1147909,1835014,98.22,31200,.0073261261,167894,456885
AIP,2023,53666,102801,5.89,36854.383,.31464088,-35142,4391
AIR,2023,1990500,1833100,57.76,34934.957,.32244349,133900,317900
AIRI,2023,51516,50715,3.25,3303.045,-.26826394,-295,25772
AKBA,2023,194623,241703,1.24,188389.415,.76502436,-46256,43630
AKYA,2023,96633,180369,4.88,49076.173,-.6734879,-57668,85706
ALB,2023,9617203,18270652,144.48,117353.272,-.39744902,251881,4166763
ALEC,2023,97062,621827,7.98,84136.38099999991,-.14552069,-151740,38918
ALG,2023,1689651,1409386,210.19,12011.781,.40008211,197967,235277
ALGM,2023,1049367,1530603,26.96,193125.832,-.57663846,196244,275207
ALGN,2023,3862260,6083877,274,76589.114,.26174402,643338,96968
ALIM,2023,80754,153524,4.32,52416.841,.46630675,-1932,64683
ALLO,2023,95,642837,3.21,168276.662,-.67269015,-327737,0
ALNT,2023,578634,597542,30.21,16211.259,-.13818407,42314,218402
ALNY,2023,1828292,3829880,191.41,125492.927,-.21638107,-282175,1305387
ALOT,2023,148086,133251,17.82,7432.799,.24090719,8796,24300
ALSN,2023,3035000,5025000,58.15,89484.712,.35284448,919000,2503000
ALTO,2023,1222940,454241,2.66,76139.10000000001,-.079464138,-23848,105459
ALV,2023,10475000,8332000,110.19,84148.33199999989,.39198875,690000,2036000
AMAT,2023,26517000,30729000,162.07,831067.105,.51863384,7654000,5561000
AMBA,2023,226474,657655,50.77,40962.191,-.42193937,-154560,5339
AMD,2023,22680000,67885000,147.41,1615498.891,.8223753,401000,3003000
AME,2023,6596950,15023533,164.89,230798.657,.172328,1707459,3313347
AMGN,2023,28190000,97154000,288.02,535178.027,.12631845,7897000,64613000
AMKR,2023,6503065,6771125,33.27,245768.114,.33875275,470287,1293909
AMLX,2023,380786,517454,14.72,67517.753,-.92035866,38802,4237
AMPH,2023,644395,1512912,61.85,47907.411,.79179335,196987,623642
AMRX,2023,2393607,3472569,6.07,306544.199,1.1152239,204374,2750523
AMSC,2023,145639,232771,13.51,30736.347,1.0121564,-11368,2709
AMTX,2023,186717,243406,5.24,39451.266,.28007746,-37401,296910
AMWD,2023,2066200,1518798,76.37,16376.579,.52870512,136352,477807
ANAB,2023,17157,452389,21.42,26575.178,-.36933947,-164411,17814
ANET,2023,5860168,9946806,235.51,311100.142,.66307449,2257249,0
ANGO,2023,338752,532637,10.43,39236.422,-.61800623,-51181,49818
ANIK,2023,166662,270632,22.66,14640.886,-.26717329,-87639,26904
ANIX,2023,210,25522,3.88,31070.022,-.091083765,-11011,175
ANL,2023,5890,130189,8.99,110700.805,,-67551,1191
AOS,2023,3852800,3213900,82.44,148720.428,.38727808,738600,155200
AOSL,2023,691321,1199737,32.8,27488.761,-.016329527,22529,78804
AP,2023,422340,565654,2.73,19865.749,.084018886,-34574,133421
APD,2023,12600000,32002500,283.4,222148.761,.22054577,2494600,10936900
APH,2023,12554700,16526400,99.13,598310.231,.27383661,2559600,4337300
APLS,2023,396591,788730,59.86,118499.945,.1463573,-517121,426575
APLT,2023,9993,54833,3.35,77229.20699999989,1.4833971,-64535,467
APOG,2023,1416942,884064,59.2,22085.098,.33526301,133833,106193
APRE,2023,583.231,22650.174,4.7,3736.673,-.34253287,-15471.963,0
APYX,2023,52349,79240,2.62,34643.855,.1130234,-17259,38501
AQMS,2023,25,33600,.76,107811.467,-.49758038,-24464,310
AQST,2023,50583,57418,2.02,66767.283,.80612743,-15102,33319
ARAY,2023,447605,479214,3.87,95751.773,.68031007,2382,205036
ARDX,2023,124456,297579,6.2,232137.709,.77723038,-63276,55982
ARHS,2023,1287704,1114094,11.85,140282.906,.19506049,164311,462929
ARLO,2023,491176,285538,9.52,94628.607,.99777877,-24903,17021
ARMP,2023,4529,98363,3.24,36146.574,.96046197,-40890,120371
ARQT,2023,59606,341365,3.23,94382.07399999991,-1.5221452,-241101,205916
ARRY,2023,1576551,1706741,16.8,151216.48,-.14027929,214124,682420
ARTW,2023,30280.957,24402.114,2.07,5009.574,.070028603,1531.2411,8146.0029
ARVN,2023,78500,1304600,41.16,55025.504,.18494892,-401500,3200
ARWR,2023,240735,765552,26.87,107192.901,-.20701122,-205002,115171
ASIX,2023,1533599,1496020,29.96,26953.68,-.21961427,69550,266014
ASPI,2023,433.026,27541.913,1.79,48773.276,.12479076,-16041.999,2142.6399
ASTC,2023,750,47675,14.16,1684.556,.093193769,-11060,607
ASTE,2023,1338200,1059300,37.2,22739.296,-.076130867,48600,83100
ASXC,2023,8577,59086,.3189,264316.749,-.084735394,-79468,5682
ASYS,2023,113315,137021,7.62,14167.351,-.10928988,-14970,22204
ATAI,2023,314,293478,1.41,166010.476,-.63473642,-125471,19142
ATEC,2023,482262,805208,15.11,136300.664,.20170069,-173395,541679
ATEN,2023,251700,389809,13.17,74138.224,-.21605372,38648,0
ATI,2023,4173700,4985100,45.47,127577.212,.42053294,466400,2179600
ATKR,2023,3518761,2935009,149.19,37793.835,.65095043,893491,884434
ATMU,2023,1628100,1088600,23.49,83297.796,,248400,600000
ATNM,2023,81,81445,5.08,27413.441,-.74024856,-51920,10066
ATR,2023,3487450,4451890,123.62,65781.269,.13010025,404019,1184675
ATRC,2023,399245,613932,35.69,47395.082,-.2179184,-26683,71187
ATRI,2023,169326,260825,378.79,1759.836,-.36997223,22579,0
ATRO,2023,689206,633792,17.42,33940.478,.52547526,-6671,197678
AVAV,2023,540536,824577,102.28,26214.677,.21855879,-178663,162822
AVD,2023,579371,767548,10.97,28750.439,-.6742928,23295,162094
AVGO,2023,35819000,72861000,1116.25,468140.569,.71385264,16207000,39229000
AVNS,2023,673300,1692400,22.43,46425.569,-.18765736,4200,209100
AVNT,2023,3142800,5968500,41.57,91161.436,.23409963,196800,2139800
AVNW,2023,346593,364496,33.37,11440.689,.28718281,26409,10166
AVTR,2023,6967200,12972700,22.83,676386.215,.079276323,696400,5586800
AVY,2023,8364300,8209800,202.16,80531.27800000001,.12803173,782900,3244300
AWH,2023,9154,6262,4.08,10336.834,-.2011385,-18852,2852
AWI,2023,1295200,1672400,98.31999999999989,44180.285,.37408018,234400,640400
AXGN,2023,159012,196827,6.83,43043.606,-.37925839,-21462,69292
AXL,2023,6079500,5356300,8.81,117061.048,.11920285,146600,2886300
AXNX,2023,366379,719923,62.23,50662.028,-.0048093796,-26057,0
AXON,2023,1563391,3436845,258.33,74933.83100000001,.44267178,154789,710663
AXSM,2023,270600,588236,79.59,47319.547,.031395912,-231825,186372
AXTA,2023,5184100,7272100,33.97,220083.039,.2879765,587500,3504200
AYI,2023,3952200,3408500,170.31,31192.406,.081433296,473400,590800
AZEK,2023,1370316,2365554,29.74,149359.873,.58188629,131177,586525
AZTA,2023,665072,2885720,50.19,60153.892,.15787673,-73126,60436
B,2023,1450871,3308014,32.63,50674.896,-.20671964,88992,1290846
BA,2023,77794000,137012000,260.66,604976.797,.31361675,-773000,52307000
BALL,2023,14029000,19303000,57.52,315301.214,.1323278,1273000,8569000
BAX,2023,14813000,28276000,38.66,507323.509,-.24725533,390000,14236000
BBIO,2023,9303,546380,40.37,173967.052,1.6673107,-607370,1739838
BC,2023,6401400,6230500,96.75,68812.648,.31405544,734900,2564300
BCPC,2023,922439,1597211,148.75,32241.056,.20540476,159193,346911
BCRX,2023,331412,516960,5.99,204809.38,-.65051496,-103709,848713
BDC,2023,2512084,3240191,77.25,41681.61,.074094772,317518,1279152
BDX,2023,19372000,52780000,258.53,290108.574,.16321039,2111000,15879000
BE,2023,1333470,2413677,14.8,209421.735,-.25610757,-208907,1453613
BEAM,2023,377709,1459714,27.22,81504.057,-.36242628,-176485,282577
BELFB,2023,639813,571631,66.77,12772.349,.71387458,87976,80562
BERY,2023,12664000,16587000,61.91,118100,.30218029,1079000,9505000
BFLY,2023,65900,304274,1.08,207123.518,-.82320029,-145610,22835
BFRG,2023,65,2776.586,3.26,6094.644,,-5367.5239,0
BF_B,2023,4228000,7777000,66.78,479364.507,-.04937458,1127000,2913000
BGS,2023,2062313,3463290,10.5,78624.41899999991,.0033347607,80419,2117547
BHE,2023,2838976,2274755,27.64,35681.851,.061337948,109664,454342
BIIB,2023,9835600,26844800,258.77,144898.112,-.067789078,1612300,6938200
BIO,2023,2671262,12299070,322.89,29145.17,-.26410866,337796,1405395
BIRD,2023,254065,312705,1.225,152851.509,-.6808269,-153003,93949
BKTI,2023,74094,49408,12.2293,3455.499,-.30556798,-777,8332
BLBD,2023,1132793,417766,21.35,32146.329,.93879032,51657,131914
BLFS,2023,143271,412714,16.25,44031.322,-.1133287,-70825,42691
BLNK,2023,140598,428519,3.39,67407.973,-1.1743343,-199688,17940
BMI,2023,703592,716919,154.37,29346.874,.35475731,118049,0
BMRN,2023,2419226,6841603,96.42,188368.171,-.070761204,158097,1086972
BMY,2023,45006000,95159000,51.31,2034757.742,-.30306506,7282000,39772000
BOF,2023,2825.855,3125.098,1.21,4044.252,,-3502.158,366.42999
BOOM,2023,719188,884495,18.82,19761.581,-.032412767,61177,115851
BPMC,2023,249380,1049250,92.2399999999999,60789.712,.74453187,-486277,774122
BPT,2023,6640,5302,2.47,21400,-1.5295777,5313,0
BRBR,2023,1666800,691600,41.23,38887.852,.69338965,287300,856800
BRC,2023,1331863,1389257,54.92,48363.811,.29407859,225213,80659
BRID,2023,251636,166998,11,9076.832,-.080322266,4629,7401
BRKR,2023,2964500,4249900,73.48,138411.212,.075325489,436900,1356300
BRLT,2023,446382,273583,3.72,97086.932,-.14721417,4482,119757
BSET,2023,390136,370424,16.6,8819.992,-.0038378239,-3135,116184
BSX,2023,14240000,35136000,57.81,1464982.777,.22266793,2343000,9102000
BWA,2023,14198000,14453000,35.85,235055.429,-.10279298,1160000,3780000
BWEN,2023,203477,135156,2.77,21417.335,.43663174,11139,35417
BWXT,2023,2496309,2747065,76.73,91512.788,.29170465,332252,1209672
BYND,2023,343376,774450,8.9,64540.906,-.32436061,-341898,1216867
BYSI,2023,1751,24808,.9,39029.163,-.73663229,-23114,3995
CAG,2023,12277000,22052600,33.72,477060.396,.021100521,1099500,9238700
CAL,2023,2817294,1804746,41.03,35150.019,.64983249,194455,747861
CAPR,2023,25178.066,58734.327,4.89,30792.869,.23652506,-24077.859,5612.1538
CARM,2023,14919,89554,2.93,40356.806,-1.396488,-88731,3123
CARR,2023,22098000,32822000,57.45,839046.579,.34690022,2296000,14684000
CAT,2023,67060000,87476000,295.67,499377.269,.23070526,13996000,37878000
CBAY,2023,31073,434686,23.62,113403.353,1.3263175,-101679,5315
CBT,2023,3931000,3604000,69.27,55936.984,.10215569,526000,1276000
CC,2023,6027000,8251000,31.54,148438.276,.063277006,-245000,4244000
CCCC,2023,20756,376451,5.65,49281.046,-.043296695,-139031,70976
CCK,2023,12010000,15034000,92.09,120646.389,.1247859,1269000,7694000
CDMO,2023,149266,451567,13.97,62729.154,-.088322878,3601,189233
CDRE,2023,482532,431179,32.89,37586.031,.50396657,56519,143318
CDTX,2023,63905,67030,.794,90433.777,.048645258,-24483,4877
CDXC,2023,83570,54964,1.43,75124.41800000001,-.16111937,-5599,3277
CDXS,2023,70143,136561,3.05,69830.19899999991,-.42387378,-68069,22364
CE,2023,10940000,26597000,155.37,108855.167,.44266844,1687000,14009000
CECO,2023,544845,600291,20.28,34812.539,.55432892,34569,148700
CELH,2023,1318014,1536396,54.52,231675.021,.4524045,266366,2187
CENX,2023,2185400,1846500,12.14,92404.663,.39481354,31800,479200
CERS,2023,156367,197748,2.16,181197,-.52461898,-30053,95999
CF,2023,6631000,14376000,79.5,191056.501,-.048614979,2238000,3232000
CGNX,2023,837547,2017812,41.74,172142.092,-.11472964,130702,78601
CHD,2023,5867900,8569200,94.56,246381.732,.17156029,1057400,2406000
CHPT,2023,506639,1103363,1.9,423359.511,-1.7066603,-449951,301054
CHRS,2023,257244,629604,3.33,111364.152,-.86641896,-203199,473369
CHX,2023,3758285,3241702,29.21,194800,.018486261,493642,665753
CIEN,2023,4386549,5601495,45.01,144830.337,-.12454867,357545,1605020
CIX,2023,161287,187604,25.28,12313.757,.3619895,25435,0
CL,2023,19457000,16393000,79.70999999999989,823372.259,.037129879,3984000,8549000
CLAR,2023,286020,495338,6.895,38149.409,-.11506271,-21107,119790
CLDX,2023,6883,465627,39.66,47264.197,-.11671782,-154542,2542
CLFD,2023,268720,355517,28.66,15261.809,-1.2950237,37287,16478
CLIR,2023,2403,7620,1.11,38565.836,.72798109,-5981,243
CLRO,2023,18704,50694,1.0814,23960.684,.23686153,-6772,665
CLW,2023,2082800,1671800,36.12,16563.343,-.045726776,177100,463100
CLX,2023,7389000,5945000,159.04,123623.524,.15257025,408000,2924000
CMC,2023,8799533,6639094,49.41,116786.346,.3440547,1162094,1154797
CMCO,2023,1013540,1825945,44.63,28755.978,.19078898,107148,530236
CMI,2023,34065000,32005000,239.57,141744.863,.017045498,1761000,7916000
CMRX,2023,324,212774,.9625,88891.3,-.65879774,-93065,1302
CMT,2023,357738,213377,18.53,9040.704,.35521126,26537,22987
CMTL,2023,549994,996237,8.75,27884.09,-.11720324,-14660,216180
CNMD,2023,1244744,2300021,109.51,30752.199,.21876192,120603,973848
COCO,2023,493612,285682,25.65,56756.005,.6184268,56493,26
CODI,2023,2058876,3816981,22.45,71820.329,.25755882,90069,1671879
CODX,2023,6812.038,95320.66,1.33,30580.904,-.63907993,-42706.234,2990.5669
COHR,2023,5160100,13711133,50.98,139377.779,.00058865547,-68686,4488817
COHU,2023,636322,1150352,35.39,47505.132,.099132299,43272,53802
COKE,2023,6653858,4288942,928.4,9373.689,.60387325,834451,735143
COLL,2023,566767,1143308,30.78,32610.873,.28271294,166961,674283
COLM,2023,3487203,2939013,79.54000000000001,60507.773,-.081064701,310284,71086
COO,2023,3593200,11658900,378.44,49525.982,.1351018,533100,2569200
COOK,2023,605882,860759,2.73,125809.285,-.032435179,-55447,458700
COP,2023,58574000,95924000,116.07,1187407.942,.019637585,17445000,18937000
CORT,2023,482375,621517,32.48,103081.357,.46951103,107282,151
COTY,2023,5554100,12661600,12.29,852796.812,.4280951,543700,4549200
COYA,2023,6002.206,41262.274,7.41,10030.436,.44719434,-7903.3491,0
CPB,2023,9357000,12058000,41.08,297945.22,-.1081028,1312000,4689000
CPIX,2023,39552.507,81776.075,1.7917,14255.7,-.22776532,-9554.6602,18428.482
CPRX,2023,398204,470114,16.81,106611.456,-.10118747,86812,3188
CPS,2023,2815879,1872299,19.54,17197.479,.7685945,46031,1190507
CPSH,2023,27550.646,21602.116,2.35,14519.215,-.13512582,1699.3633,386.88699
CR,2023,1391300,2129400,118.14,56803.152,.17231894,286800,644900
CRBU,2023,34477,432209,5.73,88431.136,-.091654539,-116059,27108
CRCT,2023,765147,750122,6.59,219167.021,-.22473192,69985,14168
CRDF,2023,488,81637,1.48,44677.169,.055569857,-45412,2149
CRI,2023,2945594,2378613,74.89,36824.808,.047645092,323405,1081533
CRIS,2023,10023,77282,12.75,5883.063,.14763594,-48332,2794
CRNX,2023,4013,635353,35.58,66799.257,.66488266,-222608,51728
CROX,2023,3962347,4643834,93.41,60566.623,-.1491065,1036783,1996360
CRS,2023,2550300,3053900,56.13,48550.179,.71734452,133100,693000
CRSR,2023,1459875,1357463,14.1,102978.569,.038313389,9689,198196
CRUS,2023,1788890,2231576,92.56,53934.984,-.16697073,343466,196289
CRVO,2023,7144.872,9972.521000000001,7.63,5674.52,.0057899952,-7812.895,0
CRWS,2023,87632,82706,5.1,10240.719,-.059277296,6895,23837
CSBR,2023,53870,34311,6.38,13558.65,-.22628582,-5256,8744
CSCO,2023,56998000,101852000,53.76,4054857.783,.32789207,15031000,8391000
CSL,2023,4586900,6620000,312.43,48683.404,.29460716,982800,2289400
CSWI,2023,792840,1043326,234.6,15532.472,.5284338,159118,166000
CTAS,2023,8815769,8546356,497.08,101741.564,.29602575,1802664,2668393
CTHR,2023,29946.234,48884.088,.955,30523.705,-.24489474,-13976.021,2927.8679
CTKB,2023,193015,494457,9.11999999999999,135549.154,-.11289787,-27845,11127
CTLT,2023,4263000,10777000,43.36,180271.741,-.90599823,-163000,4849000
CTMX,2023,101214,201792,1.55,66988.90399999989,-.031748712,-6484,13974
CTS,2023,550422,741167,43.74,31158.03,.107759,75051,96859
CTSO,2023,36349.379,53260.634,1.11,44438.509,-.33389491,-31209.252,18313.152
CULP,2023,234934,152183,4.97,12311.583,.14480472,-28478,6252
CVCO,2023,1794792,1354160,399.06,8346.618,.22787857,178982,35148
CVGI,2023,994679,483214,7.01,33707.07,.028945684,48060,173433
CVI,2023,9247000,4707000,30.3,100530.599,.1089704,1123000,2185000
CVR,2023,31507.722,27830.905,16.98,966.131999999999,-.49452901,-5837.2461,0
CVRX,2023,39295,115229,31.44,20815.635,.53845143,-43103,30382
CVU,2023,86466.321,74360.132,2.73,12672.406,-.15884912,6307.0049,25210.609
CVV,2023,24109,35025,4.43,6824.511,-.21816504,-4881,349
CVX,2023,200949000,261632000,149.16,1887748.665,-.14656115,30265000,20836000
CW,2023,2845373,4620969,222.79,38241.218,.29249763,484602,1168973
CYRX,2023,233255,957744,15.49,48963.717,-.11339784,-115157,416003
CYTK,2023,7530,824316,83.4899999999999,98053.647,.60000634,-496205,755771
DAIO,2023,28064,27401,2.94,9020.798000000001,-.30035651,448,702
DAKT,2023,754196,468104,6.4,45703.283,.75435793,21388,17750
DAN,2023,10555000,7965000,14.61,144338.152,-.0073292255,316000,2981000
DAR,2023,6788080,11061084,49.84,159532.286,-.22778797,949726,4637301
DARE,2023,2807.885,21282.215,.309,98562.344,-.98808444,-30939.881,1404.469
DCI,2023,3430800,2770500,59.64,121242.187,.21204209,480200,655700
DCO,2023,756992,1120919,52.06,14596.379,.041174173,28917,295594
DD,2023,12068000,38552000,76.93000000000001,430042.492,.1341548,747000,7800000
DE,2023,61251000,104087000,399.87,280255.442,-.056359291,15472000,63411000
DECK,2023,4287763,3135579,941.26,25668.22,.73897219,927514,266879
DELL,2023,88425000,82089000,114.11,713790.335,1.068686,5211000,41312000
DGII,2023,444849,835531,27,35969.438,-.24714923,50095,220915
DHR,2023,23890000,84488000,231.34,738927.107,-.13291645,5202000,18402000
DIOD,2023,1661739,2367659,80.52,45938.233,.055931568,250571,62083
DK,2023,16917400,7171800,25.8,63933.521,-.0078642368,279900,2765700
DLX,2023,2192260,3080622,21.45,43692.545,.29947948,160791,1651691
DNA,2023,251455,1665342,1.69,1998436.556,0,-864406,221835
DNLI,2023,330531,1153917,21.46,138196.848,-.25920486,-196699,44981
DNOW,2023,2321000,1529000,11.32,106331.159,-.11503077,140000,30000
DNTH,2023,2826,179405,10.4,14817.762,.49808645,-48174,585
DORM,2023,1929788,2292407,83.41,31488.115,.030925274,214760,666886
DOV,2023,8438134,11348513,153.81,139890.144,.141644,1366343,3460041
DOW,2023,44622000,57967000,54.84,702293.433,.13720465,1572000,16447000
DRQ,2023,424060,1028181,23.27,34183.053,-.15494847,5280,16672
DRS,2023,2826000,3921000,20.04,262370.008,.44984889,231000,406000
DTC,2023,494776,659318,6.16,90851.09299999991,.50435305,-227850,173891
DVAX,2023,232284,997096,13.98,129260.85,.27300739,-37028,252418
DXCM,2023,3622300,6264500,124.09,386373.935,.091497898,597700,2535400
DXYN,2023,276343,191169,.7445000000000001,15547.163,-.050419837,5048,112081
EAF,2023,620500,1288889,2.19,256807.9,-.77231407,-214437,925645
EBF,2023,420109,399190,20.51,25874.699,.019501448,56459,9574
ECL,2023,15320200,21846600,198.35,285139.82,.32167578,1992300,8607300
ECOR,2023,16030,16102,5.9519,6002.42,.43531275,-19269,626
ECVT,2023,691118,1837751,9.77,116116.895,.097769737,96650,892169
EDIT,2023,78123,499153,10.13,81673.68799999989,.13282633,-169181,36536
EFOI,2023,5717,10200,1.51,4348.69,-.37861785,-3971,2344
EL,2023,15910000,23415000,196.38,357413.019,-.24844074,1509000,10169000
ELAB,2023,1712.595,5189.918,1.8282,17329.615,,-3669.072,210.489
ELAN,2023,4417000,14362000,14.9,492798.113,.19828725,-843000,5774000
ELF,2023,1023932,1129247,196.03,55506.934,.86728954,149678,283585
ELMD,2023,48067,45806,10.71,8561.1,.1052568,4008,0
ELSE,2023,8555,14445,3.8,3428.021,-.17351091,-28,0
ELUT,2023,24745,43428,2.16,23197.552,-.67681074,-30526,23677
EMBC,2023,1120800,1214400,15.05,57303.556,-.62423587,221500,1638500
EML,2023,273454.857,252039.201,22,6238.413,.15520597,15183.329,62082.293
EMN,2023,9210000,14633000,89.81999999999989,117343.761,.1367898,1302000,4846000
EMR,2023,15165000,42746000,96.56999999999989,571500,.30026817,3402000,8157000
ENOV,2023,1707197,4509334,56.02,54594.143,.045653343,-65709,466164
ENPH,2023,2290786,3383012,132.14,136551.216,-.69571686,445741,1293738
ENR,2023,2959700,4509600,32.04,71485.205,.27735472,400000,3454600
ENS,2023,3581871,3466006,94.45999999999989,40415.975,.092442513,351570,833293
ENTA,2023,79204,462275,11.17,21055.392,-1.5355089,-137207,26513
ENTG,2023,3523926,8812591,119.82,150158.883,.60725117,499158,4646127
ENVX,2023,7644,564304,12.52,167774.133,.0064101219,-230255,190610
EOLS,2023,202085,188998,10.53,57150.722,.33799291,-49233,126546
EPAC,2023,598204,762597,26.43,56103.724,.39554858,83922,214087
EPC,2023,2251600,3740700,36.96,50811.891,.0029177666,227000,1380200
EQ,2023,36084,50530,.723,35119.248,-.38261497,-14522,824
ERII,2023,128349,252974,18.84,56517.933,-.083954811,19050,0
ESAB,2023,2774766,3828629,86.62,60271.072,.61640525,404166,1018057
ESCA,2023,263566,253005,20.09,13736.8,.71279669,17811,50896
ESE,2023,956033,1683214,104.44,25782.563,.35578346,127716,138554
ESI,2023,2333200,4974100,23.14,241516.314,.25667286,173600,1932500
ESP,2023,35592.323,47501.523,16.745,2702.633,.17259717,4300.0142,0
ESPR,2023,116334,205796,2.99,113717.785,-.73410296,-155563,266169
ETD,2023,791382,745453,28.28,25356.462,.40274286,137196,130346
ETN,2023,23196000,38432000,240.82,399300,.44611883,3885000,9802000
ETON,2023,31642,31740,4.38,25658.396,.44031191,-1192,5402
EW,2023,6004800,9363200,76.25,606500,.021742821,1534100,694900
EXEL,2023,1830208,2942357,23.99,310974.113,.40255141,170885,189944
EXP,2023,2259297,2947019,271.75,34450.244,.6213665,625526,1120235
EXTR,2023,1312454,1141707,26.05,128997.325,1.071722,108313,264609
EYE,2023,2126468,2172511,20.93,78245.61900000001,-.61620522,-46826,923457
EYPT,2023,46018,355184,23.11,35309.432,1.8875026,-75067,4906
F,2023,176191000,273310000,12.19,4002954.437,.14687324,5458000,149231008
FARO,2023,358831,504692,22.53,18954.257,-.26648712,-49536,129586
FATE,2023,63533,506217,3.74,98601.966,-.9924593,-190511,103536
FBIN,2023,4626200,6565000,76.14,126094.963,.30194378,614900,2813400
FCEL,2023,123394,955520,1.6,451804.288,-.55244732,-136084,19658
FDMT,2023,20723,339891,20.26,42753.607,-.09189415,-112867,14671
FEIM,2023,40777,74496,6.62,9353.440000000001,.054956317,-4672,7636
FELE,2023,2065133,1728122,96.65000000000001,46128.126,.20192814,262441,156276
FEMY,2023,1071.97,27755.825,.975,21649.623,.080042705,-14508.415,6700.8818
FET,2023,738864,821061,22.17,10192.978,-.28565025,20716,192203
FF,2023,368250,367081,6.08,43763.243,-.25854397,27368,0
FFIV,2023,2813169,5248333,161.14,59306.423,.10740376,472568,239565
FGI,2023,117241.604,65744.92999999991,1.64,9500,-.27077159,2304.4412,22229.625
FIGS,2023,545646,473209,6.95,169134.896,.032166481,34045,47114
FIZZ,2023,1172932,574342,48.35,93353.546,-.01212883,186684,41527
FLNC,2023,2217978,1352149,22.99,177093.776,.45472288,-112609,50563
FLO,2023,5090830,3426953,22.51,211120.226,-.20615411,172870,1332645
FLS,2023,4320577,5108719,41.22,131208.631,.31711507,315659,1404597
FLXS,2023,393692,290550,19.11,5151.243,.093590021,10542,100426
FMC,2023,4486800,11926200,63.05,124760.76,-.65440035,555600,3957600
FNA,2023,216389,332683,12.43,82701.20699999989,-.43009877,-45665,110439
FNKO,2023,1096086,804645,7.73,52681.785,-.34457111,-103827,362353
FOLD,2023,399356,777880,14.19,293245.738,.15028238,-77211,445059
FONR,2023,98645.101,200581.887,17.1,7234.245,.1184411,14789.26,37007.809
FORD,2023,36688.307,17386.142,.7604,10061.185,-.55908966,159.65816,4349.8242
FORM,2023,663102,1106794,41.71,77842.001,.62929821,82756,48145
FOXF,2023,1464178,2242298,67.48,42380.934,-.30155277,160091,743528
FRD,2023,516251,230019,18.74,6976.311,.50838113,24518,43129
FRZA,2023,37.118,16921.844,.53505,15762.75,-.87225515,-6593.4331,144.562
FSK,2023,1830000,15469000,19.97,280066.433,.28546691,892000,8285000
FSLR,2023,3318602,10365132,172.28,106844.212,.13988686,857266,560306
FSS,2023,1722700,1620500,76.7399999999999,60928.813,.50835419,224500,320700
FTCI,2023,127002,123070,.6928,125005.82,-1.3528306,-50777,1124
FTK,2023,188058,157513,3.92,29662.759,-.53899658,23223,17878
FTNT,2023,5304800,7258900,58.53,767909.603,.17996669,1241100,992300
FTV,2023,6065300,16911800,73.63,351433.569,.14049959,1133700,3646200
FUL,2023,3510934,4723575,81.41,54021.498,.13946438,364819,1838431
FULC,2023,2805,257694,6.75,61822.554,-.075588346,-110664,10821
GANX,2023,55.18,18609.331,3.265,12910.342,.042226672,-22253.133,1027.3979
GBX,2023,3944000,3978400,40,30883.231,.5327158,176400,1608800
GD,2023,42272000,54810000,259.67,272896.86,.068834305,4245000,9261000
GE,2023,67954000,163045000,127.63,1088386.043,.67191148,3063000,20964000
GEF,2023,5218600,5960800,65.59,46805.381,.0090708733,605500,2540400
GEHC,2023,19552000,32454000,77.31999999999989,455242.974,,2435000,9442000
GENC,2023,105075,195748,14.13,14657.702,.449965,13425,328
GEOS,2023,124509,153042,12.95,13188.489,1.077221,11328,769
GERN,2023,237,394076,2.11,543063.95,-.1370796,-193944,85899
GES,2023,2776530,2590021,31.47,53179.878,.52192378,263277,1162599
GEVO,2023,17200,650322,1.16,240304.735,-.49343386,-81835,70181
GFF,2023,2685183,2418879,39.67,54603.921,.37222719,196887,1649385
GFS,2023,7392000,18044000,60.6,553548.189999999,.11734986,1129000,953000
GGG,2023,2195606,2722007,86.76000000000001,168788.078,.26709604,646843,41821
GHM,2023,185533,233879,27.28,10828.327,.73506951,6922,7771
GHSI,2023,12248.55,11918.177,5.34,1275.238,-.30646527,-4336.3169,0
GIFI,2023,151067,128428,4.33,16287.469,-.16953802,-25883,20000
GIII,2023,3098242,2681164,29.01,45417.321,.62357974,283343,652667
GILD,2023,27116000,62125000,81.01000000000001,1246041.895,-.020129204,7605000,24987000
GILT,2023,266090,426886,6.11,57016.086,.05206883,28085,14901
GKOS,2023,314711,940414,79.4899999999999,48799.581,.59874105,-128700,383738
GLT,2023,1385516,1563796,1.94,45086.919,-.35976297,2712,860318
GLW,2023,12588000,28500000,30.45,853174.879,-.012392759,890000,7526000
GLYC,2023,10,45316.475,2.36,64393.294,-.249901,-39275.293,808.40198
GM,2023,171842000,273064000,35.92,1369481.206,.076237679,9298000,121741000
GMED,2023,1568476,5086083,53.29,137793.194,-.33195853,133142,520404
GNLX,2023,170,27893,14.01,26717.676,,-24165,2519
GNRC,2023,4022667,5093312,129.24,61431.577,.24992228,386199,1733566
GNSS,2023,46663,49905,2.01,37181.071,-.32071263,-10986,5291
GNTX,2023,2299215.044,2611437.552,32.66,233252.591,.19685268,495731.03,0
GOLF,2023,2381995,2196677,63.17,65377.739,.4122622,285305,701167
GPK,2023,9428000,11175000,24.65,306052.865,.11914515,1174000,5436000
GPRE,2023,3295743,1939322,25.22,59511.339,-.19008946,-61578,676510
GPRO,2023,1005459,967951,3.47,152040.256,-.36127532,-75463,128662
GRC,2023,659511,890358,35.53,26193.998,.3517437,87041,404454
GRTS,2023,16344,177769,2.04,95342.05499999991,-.52542442,-139621,104775
GSIT,2023,21765,42464,3.4,25295.047,.68145108,-20431,1522
GT,2023,20066000,21582000,14.32,283548.46,.34418344,-37000,8649000
GTHX,2023,82511,121540,3.05,51843.669,-.57679749,-39527,55897
GTLS,2023,3352500,9102400,136.33,42750.623,.16814852,390700,3996600
HAE,2023,1309055,2195591,85.34999999999989,50786.117,.030936718,164883,807793
HAIN,2023,1796643,2258639,12.51,89443.996,-.64063311,-85620,918762
HALO,2023,829253,1733270,36.96,132098.11,-.43145919,337574,1499248
HAS,2023,5003300,6540900,51.06,138764.146,-.12724853,-1538800,3465800
HAYN,2023,589956,706281,46.52,12731.838,.2992847,57606,122653
HAYW,2023,992452,2946284,13.6,213699.058,.36935997,175222,1094368
HBIO,2023,112250,137366,5.35,42688.246,.65824926,1894,42773
HCWB,2023,2841.794,28513.66,1.225,35974.57,-.44667238,-25717.16,6304.3179
HEAR,2023,258122,149967,10.95,17404.013,.42343378,-16443,0
HEI,2023,2968105,7195063,178.87,138254.881,.15327358,625339,2478078
HES,2023,10645000,24007000,144.16,307151.68,.02856636,2949000,9598000
HI,2023,2826000,5547700,42.31,69915.289,.1605711,294600,2098200
HII,2023,11454000,11215000,259.64,39723.456,.14114809,744000,2673000
HLIO,2023,835600,1590400,45.35,33052.989,-.17828846,79900,521300
HLIT,2023,607907,768206,13.04,112189.931,-.0045907497,22172,156051
HLMN,2023,1476477,2331101,9.210000000000001,194902.999,.24482095,60928,836404
HNI,2023,2434000,1928800,41.83,46579.442,.42628121,90300,578000
HOFT,2023,433226,343586,24.01,10671.812,.32034898,12358,76252
HOG,2023,5836478,12140554,36.84,139269.602,-.10273051,779084,7625150
HOLX,2023,4030400,9139300,69.40000000000001,244942.081,.072911739,668400,2836600
HON,2023,36662000,61525000,209.71,659250.644,.00018930435,7084000,20443000
HOWL,2023,19943,174833,3.86,36192.248,.63282746,-40503,51923
HPE,2023,29135000,57153000,16.98,1300000,.092736959,2089000,12355000
HPQ,2023,53718000,37004000,30.09,990902.449,.14911008,3456000,9484000
HRL,2023,12110010,13448772,32.11,546840.056,-.32144904,1029291,3481426
HRMY,2023,582022,811448,32.3,58571.944,-.53408241,192030,193566
HROW,2023,130193,312164,11.2,35117.746,-.27600694,431,190502
HRTX,2023,127044,222506,1.7,150072.64,-.3856625,-110615,179628
HSY,2023,11164992,11902941,186.44,204498.184,-.19696569,2560867,4814029
HTGC,2023,460668,3416926,16.67,151139.477,.35706711,304037,
HUBB,2023,5372900,6914000,328.93,53622.05,.35348034,1038500,2140600
HUN,2023,6111000,7248000,25.13,174287.403,-.052420616,84000,2068000
HURC,2023,227807,290589,21.53,6471.85,-.16504574,6616,11318
HVT,2023,862133,654133,35.5,16268.523,.24096894,67203,217754
HWM,2023,6640000,10428000,54.12,411744.354,.32092714,1203000,3771000
HXL,2023,1789000,2918500,73.75,84111.29399999991,.23302174,215300,699500
HY,2023,4118300,2079100,62.19,17185.63,.9296999,208700,494000
IART,2023,1541573,3781988,43.55,78175.803,-.25269103,111526,1681682
IBM,2023,61860000,135241000,163.55,913118.581,.19761038,10296000,59935000
IBRX,2023,622,504452,5.02,667705.368,-.0099109411,-362250,882138
ICAD,2023,17318,41418,1.77,26352.733,-.033336461,-7689,461
ICCC,2023,17471.669,43808.102,5.09,7750.864,-.18101096,-5748.0781,16690.688
ICHR,2023,811120,938481,33.63,29380.025,.22627068,-10895,286333
ICUI,2023,2259126,4378439,99.7399999999999,24140.076,-.4567318,22825,1628770
IDXX,2023,3660953,3259925,555.05,83051.702,.30788946,1097128,1047551
IDYA,2023,23385,649316,35.58,64459.472,.67201185,-134429,2872
IEX,2023,3273900,5865200,217.11,75625.539,-.038717747,732500,1325700
IFF,2023,11479000,30978000,80.97,255279.134,-.21657944,-2110000,10713000
IGMS,2023,2130,423411,8.31,32893.673,-.71634197,-263461,40506
IIIN,2023,649188,447513,32.46,19432.599,.2750771,34713,0
IKNA,2023,9160,192092,1.97,48258.111,-.30029261,-75417,11688
ILMN,2023,4504000,10111000,139.24,158800,-.37305832,-1069000,2176000
IMMR,2023,33919,215731,7.06,31839.986,.033743858,17927,0
IMNM,2023,14018,148540,10.7,42729.847,1.5772512,-109530,0
INBX,2023,1800,307893,38,47290.666,.4332149,-219221,210141
INFN,2023,1614128,1679238,4.75,226923.77,-.34991539,-4840,731732
INFU,2023,125785,102915,10.54,21183.526,.19415617,4088,34900
INGN,2023,315660,326194,5.49,23307.814,-1.2781978,-109386,21923
INMB,2023,155,57001,11.26,18021.692,.57437778,-29741,10437
INO,2023,832.01,170951.423,.51,272986.424,-1.1180303,-143940.03,30209.242
INSM,2023,305208,1329837,30.99,143062.065,.4389329,-709626,1203994
INSP,2023,624799,676811,203.43,29524.189,-.21363068,-40271,24846
INTC,2023,54228000,191572000,50.25,4216000,.66558266,93000,49266000
INTT,2023,123302,134829,13.6,12164.698,.27792597,10439,17464
INVA,2023,4529,98363,16.04,64086.675,.1910882,-40890,120371
INVE,2023,116383,109723,8.24,23174.351,.12937927,-5055,15379
IONS,2023,787647,2990072,50.59,143472.119,.29223895,-353730,1795184
IOSP,2023,1948800,1707400,123.24,24865.799,.19441795,161600,45200
IOVA,2023,1189,780351,8.130000000000001,255918.448,.24082673,-460559,75862
IP,2023,18916000,23261000,36.15,346017.313,.097118855,667000,8018000
IPAR,2023,1317675,1369329,144.01,31980.805,.41869211,251382,187952
IPGP,2023,1287439,2698898,108.54,46922.454,.13672113,231973,0
IPSC,2023,2235,360691,3.32,59834.968,-.43514085,-146546,46658
IPWR,2023,236.259,12248.07,7.77,5945.347,-.31998301,-10352.088,202.987
IR,2023,6876100,15563500,77.34,404796.976,.39343381,1164300,2723600
IRBT,2023,890580,733698,38.7,27865.605,-.21806598,-264080,229110
IRDM,2023,790723,2661775,41.16,123850.566,-.21190953,81628,1482490
IRIX,2023,51869,34436,2.81,16247.813,.33504981,-10007,2746
IRMD,2023,65562.296,92156.098,47.47,12605.577,.56173944,20035.459,2043.043
IRTC,2023,492681,433144,107.04,30650.758,.13342476,-125161,129824
IRWD,2023,442735,471073,11.44,156129.046,-.079773903,-945430,715538
ISPR,2023,115605.536,90693.349,9.11999999999999,53105,,-4569.1333,4300.7568
ISRG,2023,7124100,15441500,337.36,352071.592,.24010086,1766800,0
ITCI,2023,464370,728295,71.62,96238.126,.30259299,-159381,16938
ITGR,2023,1596673,2942653,99.08,33326.647,.36967802,167330,1051344
ITI,2023,171987,123445,4.94,42908.024,.051932812,2819,6210
ITOS,2023,12595,667588,10.95,35784.958,-.57861233,-151101,6058
ITRI,2023,2173633,2604263,75.51000000000001,45492.77,.39932585,128867,487483
ITT,2023,3283000,3932600,119.32,82100,.39819384,528200,187700
ITW,2023,16107000,15518000,261.94,300885.88,.19527245,4040000,8583000
IVAC,2023,52665,156506,4.32,26373.454,-.40392065,-13244,7984
JAKK,2023,711557,398951,35.55,10073.264,.70931101,59107,24046
JANX,2023,8083,380407,10.73,46168.43,-.20489788,-72979,26247
JBL,2023,34702000,19424000,126.89,130881.417,.79182148,1537000,3248000
JBSS,2023,999686,425287,117.27,11555.852,.53684759,90224,12830
JBT,2023,1664400,2710400,99.45,31838.746,.088873863,164700,646400
JELD,2023,4304334,2980125,18.88,85215.086,.6711452,141600,1348245
JILL,2023,604661,428180,31.97,10673.421,.20516396,86050,295222
JJSF,2023,1558829,1277236,163.65,19289.799,.25261354,109518,121910
JNJ,2023,85159000,167558000,156.74,2407278.62,-.089687824,21207000,29332000
JNPR,2023,5564500,9518500,29.48,318868.479,-.050810099,470100,1699700
JOUT,2023,663844,681606,54.69,10250.949,.085206509,11740,52344
JVA,2023,68173.40399999989,42191.901,.91,5708.599,-.80726051,-1331.6946,12857.438
KA,2023,5442,10281,3.63,10393.567,-.55922222,-15723,620
KAI,2023,957672,1175665,280.31,11707.096,.46177673,165757,110875
KALU,2023,3087000,2267400,71.19,16014.474,-.021632195,95800,1069000
KAMN,2023,775854,1498655,23.95,28256.389,.10787416,49103,565266
KDP,2023,14814000,52130000,33.32,1398336.103,-.043287039,3192000,13191000
KE,2023,1823429,1259719,27.63,24724.281,.31818247,87729,281454
KEQU,2023,219494,118898,15.15,2879.785,-.092606068,5364,41697
KEYS,2023,5464000,8683000,159.09,175044.604,-.072602749,1358000,2026000
KHC,2023,26640000,90339000,36.98,1226538.694,-.051742792,4572000,20290000
KIDS,2023,148732,438745,32.51,23353.384,-.20055866,-26751,20209
KLAC,2023,10496056,14072357,485.02,137198.902,.43226099,3994696,5890736
KMB,2023,20431000,17344000,121.51,337941.021,-.073413372,2344000,7984000
KMT,2023,2078184,2547234,28.39,80275.367,.23103738,192417,639418
KN,2023,707600,1462800,17.91,90257.14599999991,.086859226,51100,284500
KO,2023,45754000,97703000,58.93,4323413.81,-.045358658,11311000,37507000
KODK,2023,1117000,2355000,3.9,79552.966,.24583495,4000,495000
KOP,2023,2154200,1835500,51.22,20823.066,.60341883,195200,930700
KOPN,2023,40394.177,49312.316,2.03,114449.134,.49292439,-17177.502,2484.4851
KOSS,2023,13099.651,38370.805,3.7,9216.795,-.63040888,-24901.053,0
KRO,2023,1666500,1838000,9.94,115027.016,.13922334,-56000,459500
KROS,2023,151,370025,39.76,29959.378,-.18875623,-169941,14444
KRT,2023,405651,276397,24.85,19964.413,.60012221,42076,71005
KRTX,2023,654,1336209,316.51,37727.117,.4766922,-494777,16688
KRYS,2023,50699,818355,124.06,28206.33,.44853687,-109727,8094
KSCP,2023,12797,22974,.6,75377.489,-1.1474023,-26288,2686
KTB,2023,2607472,1645439,62.42,56180.152,.48610544,319269,841677
KTCC,2023,588135,418272,5.67,10761.871,.2513144,16323,139697
KTOS,2023,1037100,1632500,20.29,128938.622,.67604446,31100,270900
KVHI,2023,132379,172634,5.26,19610.79,-.66421556,-17345,1075
KVUE,2023,15444000,27851000,21.53,1914995.085,,2512000,8286000
KWR,2023,1953313,2714211,213.42,17984.916,.25571775,214495,777004
KYMR,2023,78592,575759,25.46,55487.373,.01983428,-165530,84674
LAKE,2023,124688,153745,18.3,7364.757,.23452687,5993,12314
LANC,2023,1822527,1112994,201.09,27522,.46316242,141508,16967
LASE,2023,3939.473,15124.087,1.18,8253.419,-.5474354,-3348.2341,597.14301
LASR,2023,209921,306803,13.5,46686.107,.28620172,-46766,14159
LCID,2023,595271,8512718,4.21,2289429.227,-.48386204,-3099588,2082815
LCII,2023,3784808,2959319,125.71,25324.579,.34430122,123428,1106372
LCTX,2023,8945,101019,1.09,174986.671,-.070826046,-24733,2952
LCUT,2023,686683,667142,6.71,21814.236,-.093722463,31941,285055
LEA,2023,23466900,14695500,141.21,58259.871,.15182257,933200,2770400
LECO,2023,4191636,3377297,217.46,57199.736,.42272758,717849,1105210
LEG,2023,4725300,4634500,26.17,133319.426,-.14449906,-90400,2195400
LEGH,2023,189144,506742,25.22,24391.797,.28530574,64587,25565
LEGN,2023,285143,1848609,60.17,363822.069,.18675208,-498324,47344
LEVI,2023,6179000,6053600,16.54,397134.873,.095239639,353300,1254900
LFCR,2023,103269,253545,9.67,30322.169,-.030552149,-21796,112624
LFUS,2023,2362657,3995275,267.56,24902.916,.20462513,360862,871935
LFVN,2023,213398,66123,4.35,12794.719,.030768752,4259,13087
LGL,2023,3678,41850,6.14,5352.937,.41610777,646,0
LGND,2023,131314,787216,71.42,17435.958,.066874981,11942,6165
LHX,2023,19419000,41687000,210.62,189540.249,.036029816,1426000,13125000
LII,2023,4981900,2798300,447.52,35539.725,.63947344,781600,1305200
LIPO,2023,449.617,3577.174,1.02,5803.945,-1.1212305,-4745.9526,136.59399
LITE,2023,1767000,4632100,56.73,68700,-.33644676,-115700,2873700
LLY,2023,34124100,64006300,582.92,949307.237,.47566891,6457900,25225300
LMAT,2023,193484,346778,56.76,22263.235,.21994901,36712,19095
LMT,2023,67571000,52456000,453.24,248098.715,-.04404211,8507000,17459000
LNN,2023,674084,745660,117.68,11008.945,-.18697691,102184,133079
LNTH,2023,1296429,1651149,62,68489.15300000001,.19609332,364642,562493
LODE,2023,1274.449,106466.344,.548,117130.225,.68950415,-12604.438,10689.398
LOGI,2023,4298467,3604704,89.37,154819.963,.43130779,587336,0
LOVE,2023,700265,482180,22.6,15488.999,-.24589157,30076,175504
LPTH,2023,32933.949,53536.184,1.35,37325.85,.093090415,-3554.5408,12382.386
LPX,2023,2581000,2437000,70.83,72114.70299999991,.19512653,287000,372000
LRCX,2023,17428516,18781643,642.86,134340.474,.42509699,5174860,5011541
LSCC,2023,737154,840894,68.9899999999999,138028.377,.061422348,212270,10739
LTRX,2023,131189,151624,4.21,36619.483,-.24522567,-6674,18964
LUCD,2023,2428,27270,1.41,44667.304,.036105007,-48482,15255
LUNG,2023,68675,177781,12.75,38308.113,.41373444,-61935,41424
LW,2023,5350600,6519800,114.95,145704.167,.4865365,882100,3462200
LWAY,2023,160123,81654,13.41,14690.987,.88220274,16995,2851
LXRX,2023,1204,229429,1.53,244924.695,-.22183552,-171750,104773
LXU,2023,593709,1298184,9.31,74344.336,-.35667491,51777,611193
LYB,2023,41107000,37000000,95.08,324361.773,.18813753,3053000,12641000
LYEL,2023,130,750029,1.94,251868.968,-.58146662,-247008,56894
LYRA,2023,1558,142600,5.24,52563.127,.51209867,-67120,26881
LYTS,2023,496979,296149,12.56,28367.653,.7296536,37028,42114
LZB,2023,2349433,1866263,28.64,43317.622,.2152288,211439,445914
MAIN,2023,500385,4443570,43.23,83745.16499999991,.24858546,571596,
MAS,2023,7967000,5363000,66.98,224500.911,.38226557,1348000,3206000
MASI,2023,2048100,3041500,117.21,52841.259,-.2329073,136500,871700
MASS,2023,50229,202981,11.22,32379.113,.38692164,-42758,5945
MAT,2023,5441219,6435822,18.88,353232.62,.056660175,561659,2589534
MATW,2023,1880896,1887381,38.91,30467.662,.57643318,88117,864352
MBC,2023,2726200,2381700,14.85,126762.314,.6764524,306300,770200
MBUU,2023,1388365,925924,58.66,20624.724,.10695314,144784,0
MCFT,2023,662046,353976,30.65,17495.267,.37573218,116915,53676
MCHP,2023,7634400,15873200,89.70999999999989,540387.949,.08906889,2571000,5999800
MCRB,2023,126325,358600,1.4,129257.199,-1.3862944,-107983,213936
MDLZ,2023,36016000,71391000,72.43000000000001,1360895.585,.10591698,5502000,19945000
MDT,2023,31227000,90948000,88.09999999999989,1330405.428,.014650822,5485000,24364000
MEC,2023,588425,496661,14.42,20308.356,.13016868,20191,181163
MED,2023,1072054,309908,67.22,10892.602,-.4835124,126402,22012
MEI,2023,1179600,1579100,33.52,37339.352,-.085633755,90400,335400
MEIP,2023,48816,120809,6.58,6662.857,-.60917068,-36764,12728
MGNX,2023,58749,298418,9.61999999999999,62029.447,.36024535,-168244,33971
MGRM,2023,364.999,16579.008,3.44,31131.584,,-17268.029,491.98999
MGTX,2023,14017,326744,7.02,63597.151,.073888898,-137061,89264
MHK,2023,11135115,13559869,103.5,63682.156,.012444496,-287808,3149866
MIDD,2023,4036605,6906692,147.17,53603.195,.094495296,634868,2425195
MIND,2023,36510,33491,4.5556,1405.779,-.014253855,518,1324
MIRM,2023,186374,646621,29.52,46614.274,.41465354,-109154,308142
MITK,2023,172552,405375,10.72,45589.575,.15726495,15564,140590
MITQ,2023,20207,13330,1.17,10913.51,-.10536052,-1975,431
MKC,2023,6662200,12862300,68.42,268237.168,-.17054844,963000,4411400
MKSI,2023,3622000,9118000,102.87,66878.495,.20391369,-1554000,4789000
MLAB,2023,216187,446796,109.73,5394.051,-.45962048,-272075,221698
MLI,2023,3420345,2759301,47.15,113529.41,.4847734,756053,35557
MLKN,2023,4087100,4274800,14.78,75628.55899999991,-.53738236,122300,1869300
MLR,2023,1153354,647210,42.29,11445.64,.48103118,79758,60826
MLSS,2023,9827.444,11371.512,.6899,71048.24099999991,.36276054,-7106.4741,395.978
MMM,2023,32681000,50580000,109.32,552317.037999999,-.033847332,-9128000,16794000
MMSI,2023,1257366,2325244,75.95999999999989,57750.462,.07289362,123944,891359
MNKD,2023,198962,475198,3.64,269574.654,-.37004662,8678,334960
MNOV,2023,1000,66269.977,1.5,49046.246,-.31237468,-9900.2646,215.92599
MNST,2023,7140027,9686522,57.61,1040441.348,.12648892,1953355,0
MNTX,2023,291389,255731,8.74,20252.113,.78161573,15842,76827
MO,2023,24483000,38570000,40.34,1768646.674,-.037673473,11547000,26233000
MOD,2023,2407800,1851500,95.19,52207.75,1.4182091,240700,431600
MODG,2023,4284800,9120600,14.34,184517.048,-.32010078,237700,3092700
MOG_A,2023,3319122,3808036,112.96,31898.478,.4735508,289108,863092
MORF,2023,521,722514,28.88,49742.966,.076614857,-178686,716
MOS,2023,13696100,23032800,35.73,326835.455,-.17939949,1338100,4161300
MOV,2023,672601,769082,27.93,22080.011,.057743311,54705,92092
MPAA,2023,717684,1012002,8.03999999999999,19662.38,.077558279,46120,239335
MPC,2023,150307000,85987000,148.36,379697.277,.26589727,14514000,28501000
MPTI,2023,41168,24305,35.7,2787.86,1.4060969,4299,26
MPWR,2023,1821072,2434353,630.78,47912,.58654118,481736,0
MPX,2023,383729,193802,11.4,34466.726,.011049271,49202,0
MRAM,2023,63765,67303,9.03999999999999,21023.438,.4860611,5885,5580
MRCY,2023,973882,2391367,34.59,58190.096,-.6204617,-21685,578297
MRK,2023,60115000,106675000,109.02,2534023.084,.010048389,2355000,35055000
MRNA,2023,6848000,18426000,99.45,381283.996,-.59118843,-4239000,1218000
MRNS,2023,30989,170908,10.87,54573.581,1.0047247,-131485,75185
MRSN,2023,36855,226060,2.32,120582.114,-.92658246,-179670,33632
MRVI,2023,288945,1487450,6.55,251282.658,-.78149343,-31648,556677
MSA,2023,1787647,2170150,168.83,39311.193,.1699338,231320,646187
MSI,2023,9978000,13336000,313.09,165968.486,.20732784,2294000,6425000
MTD,2023,3788309,3355555,1212.96,21683.802,-.17535686,1079683,2080839
MTEM,2023,57306,35383,3.73,5374.268,-.27690029,-10466,9742
MTEX,2023,131955,41206,8.1,1860.154,-.76677799,-964,1465
MTRN,2023,1665187,1762726,130.13,20642.396,.40151215,136444,493734
MTSI,2023,648407,1553244,81.58,70987.75599999991,.45438695,107400,489379
MTW,2023,2227800,1706700,16.69,35085.03,.59996367,92400,419300
MTX,2023,2169900,3346600,71.31,32543.86,.16518402,171800,1014500
MU,2023,15540000,64254000,68.03,1098034.471,.31420708,-5745000,13933000
MVIS,2023,7259,129635,2.66,189985.743,.12391078,-88875,2323
MWA,2023,1275700,1505000,12.68,156485.455,.22923565,127400,447400
MXL,2023,693263,1080257,23.77,81560.701,-.35646439,-38221,148618
MYE,2023,813067,541631,19.55,36838.466,-.099535465,72405,96602
MYGN,2023,753200,1146500,19.14,82198.20299999991,.27694225,-257400,152100
NAII,2023,154015,134152,7.2,6077.213,-.37156343,4713,28482
NAPA,2023,402996,1347682,10.26,115316.308,-.34105659,105978,253661
NARI,2023,493632,674235,64.92,57590.463,.02117157,-14032,32047
NATR,2023,445320,249773,17.29,19075.041,.73146605,18749,14923
NBIX,2023,1887100,3251400,131.76,98251.923,.098167896,250900,428400
NCL,2023,13971.729,13618.71,1.49,21380,,-4763.7046,6804.6128
NDSN,2023,2628632,5251770,264.16,57016.026,.11677647,672761,1862909
NEOG,2023,822447,4554432,21.75,216308.912,-.1021831,37515,896588
NEU,2023,2698419,2308871,545.83,9590.151,.58303118,483045,713754
NGVT,2023,1692100,2623300,47.22,36231.266,-.39994359,82600,1534500
NKE,2023,51217000,37531000,110.37,1536988.816,.088973522,5915000,12144000
NL,2023,161287,576662,5.61,48833.484,-.14515793,14129,500
NMFC,2023,374836,3159214,12.72,101439.649,.14699459,160316,
NNBR,2023,489270,510885,4,47352.81,.98082924,-21804,206295
NOC,2023,39290000,46544000,468.14,150792.605,-.13686466,2537000,15678000
NOV,2023,8583000,11294000,20.28,393926.996,-.018442154,651000,2377000
NOVT,2023,881662,1226056,168.41,35810.37,.21470308,110496,399906
NPCE,2023,65421,107651,10.31,26283.674,1.9343383,-27174,72395
NPK,2023,340912,440536,80.28,7082.407,.21355104,35033,10664
NPO,2023,1059300,2499500,156.74,20907.364,.3758893,76800,646800
NR,2023,749600,642336,6.64,85088.163,.4700036,33630,92437
NRIX,2023,76987,355598,10.32,48503.768,-.061991692,-155063,30614
NSSC,2023,169997,166654,34.65,36767.78,.52227807,30325,5689
NSYS,2023,139332,75127,9.42,2739.377,-.26269078,5953,14176
NTAP,2023,6362000,9818000,76.40000000000001,212430.865,.18935633,1018000,2389000
NTGR,2023,740840,847142,14.58,29608.455,-.21681356,-33275,29698
NTIC,2023,79902.952,89344.303,13.37,9369.923000000001,.027275085,-432.07391,6786.0498
NTLA,2023,36275,1300977,30.49,89554.891,-.13480163,-515291,115346
NTRB,2023,2085.314,7517.154,4.52,7833.15,.31156385,-4871.9263,241.285
NUE,2023,34713501,35340499,174.04,245838.999,.30441046,6230342,6842186
NVAX,2023,983705,1797490,4.8,118790.222,-.76158428,-566511,229081
NVDA,2023,60922000,65728000,903.559999999999,2500000,1.1798699,32972000,10828000
NVEC,2023,29804.179,66780.033,90.18000000000001,4833.676,.13433123,18518.865,355.147
NVRO,2023,425174,635713,21.52,36205.495,-.60984635,-99308,216105
NVST,2023,2566500,6605100,24.06,171402.37,-.33605647,31500,1653600
NWL,2023,8133000,12163000,8.68,414200,-.37008524,-85000,5350000
NWPX,2023,444355,597881,30.26,10014.196,-.10767102,33858,155457
NX,2023,1130583,831143,30.57,33002.119,.26787639,110701,116385
NXT,2023,2499841,2518782,56.27,144090.587,.43944621,587118,143967
OC,2023,9677000,11237000,148.23,88874.95600000001,.57193899,1812000,3108000
OCC,2023,72173.75199999991,43878.901,2.7,7893.681,-.49288785,993.0802,10999.641
OCGN,2023,6036,64547,.575,256502.434,-.81574953,-65531,6941
OCUL,2023,58443,252060,4.46,79418.626,.46196425,-82382,83389
OCUP,2023,19049,53948,3.01,22637.6,-.15935779,-10563,0
ODC,2023,413021,286235,61.75,7149.511,.9643836,41040,42509
OESX,2023,90581,63169,.8702,32561.601,-.84706795,-10824,10003
OFIX,2023,746641,925315,13.48,36756.607,-.42068028,-139110,113597
OFLX,2023,111465,100234,70.51000000000001,10094.322,-.26609087,25799,2946
OGN,2023,6263000,12058000,14.42,255606.461,-.60004783,1200000,8760000
OI,2023,7105000,9669000,16.38,154727.283,-.011532784,409000,4946000
OIS,2023,782283,1046486,6.79,63889.176,-.094104409,23164,161355
OLED,2023,576429,1668961,191.26,47358.076,.58017969,217189,0
OLN,2023,6833000,7713200,53.95,122549.597,.033986807,712100,3022500
OLPX,2023,458300,1740338,2.54,654733.052,-.71841574,108222,655773
OM,2023,130376,313801,5.41,50204.57,-1.5629003,-169770,136188
OMCL,2023,1147112,2226878,37.63,45469.376,-.29258633,-34868,662194
OMGA,2023,3094,204366,3.01,55141.838,-.64027894,-100261,128428
ON,2023,8253000,13215200,83.53,430697.587,.29212141,2538700,3359800
ONTO,2023,815868,1909712,152.9,49080.993,.80895376,116078,0
OPK,2023,863495,2011698,1.51,773056.5330000001,.1889661,-157021,308754
OPTN,2023,70987,107729,1.29,112311.984,-.3605434,-22748,130227
ORMP,2023,1340,220551,2.31,40338.979,-1.650156,-15769,51947
OSIS,2023,1278427,1555686,117.83,16727.882,.3214283,135279,359567
OSK,2023,9657900,9129200,108.41,65413.503,.2249794,837600,772500
OSS,2023,60896.797,48265.652,2.1,20604.05,-.3600027,-7923.1548,4234.3569
OSUR,2023,405472,482845,8.19999999999999,73484.272,.53136015,32684,13504
OTIS,2023,14209000,10117000,89.47,409258.823,.1488018,2186000,7190000
OVID,2023,391.695,144026.783,3.22,70680.55100000001,.54880488,-59281.465,16001.725
OXM,2023,1571475,1097844,112.4,15629.222,.089046478,80982,337583
PACB,2023,200521,1746013,9.81,267443.887,.18171,-334467,933440
PAHC,2023,977889,971397,13.7,40503.608,-.29899478,71847,474836
PANW,2023,6892700,14501100,234.44,308594.604,.35861444,387300,2270700
PAR,2023,415823,802606,43.54,28021.454,.51289463,-59709,381832
PATK,2023,3468045,2562448,100.35,22134.344,.52837515,260200,1207061
PBF,2023,38324800,14387800,43.96,122201.138,.095003605,2951500,2032000
PBH,2023,1125357,3318417,72.56,49649.288,.14716959,342429,1155419
PBI,2023,3266348,4272185,4.4,176331.236,.2007885,-82300,2484082
PBYI,2023,235637,230528,4.33,47571.332,.023365617,32640,111490
PCAR,2023,33315500,40823400,97.65000000000001,523075.842,.43833923,5406100,992300
PCRX,2023,674978,1574386,33.74,46437.704,-.13482714,87675,586044
PDEX,2023,46087,51823,19.1,3545.309,.18022966,5762,14376
PEN,2023,1058522,1556305,251.54,38596.366,.12285471,73551,234343
PEP,2023,91471000,100495000,169.84,1374863.961,-.033457279,11986000,44105000
PFE,2023,58496000,226501000,28.79,5646413.292,-.53211904,222000,71888000
PFIE,2023,58208.06,66293.845,1.81,47587.952,.53505796,11854.101,437.71201
PG,2023,82006000,120829000,151.74,2356969.322,.079858303,18134000,34607000
PGEN,2023,6225,151043,1.34,248919.096,-.1260407,-99758,7097
PGTI,2023,1504241,1577879,40.7,57049.895,.8180809,179226,746500
PH,2023,19065194,29964472,390.04,128296.105,.47820616,3437725,12559459
PHAT,2023,682,413842,9.130000000000001,57252.519,-.20613217,-167312,439992
PHIN,2023,3500000,4041000,30.29,46685.317,,241000,798000
PI,2023,307539,359409,90.03,27055.862,-.19285488,-43484,294588
PII,2023,8934400,5516300,94.77,56472.703,-.038617134,700900,1908400
PKE,2023,56004,132309,16.63,20253.361,.23769283,8380,135
PKG,2023,7802400,8681100,162.91,89624.29700000001,.2768755,1075100,3186900
PKOH,2023,1659700,1340700,26.96,13088.278,.82008123,84100,687800
PLAB,2023,892076,1526221,31.37,62604.986,.62268901,253050,24619
PLOW,2023,568178,593418,29.68,22983.965,-.15927124,44909,254487
PLRX,2023,1580,512154,18.11,59895.958,-.065193892,-184145,11372
PLUG,2023,891340,4902738,4.5,605502.333,-1.0111969,-1343523,968850
PLXS,2023,4210305,3321172,92.98,27481.145,.060060024,195820,469610
PM,2023,35174000,65304000,94.08,1552405.991,-.018716335,11556000,47909000
PODD,2023,1697100,2588200,216.98,69827.61900000001,-.30510044,220000,1415800
POWI,2023,444538,819868,82.11,56857.583,.14463568,35059,0
POWL,2023,699308,752242,82.90000000000001,11860.583,1.3934462,62520,1436
PPC,2023,17362217,9810361,27.66,236789.929,.15324712,522286,3544863
PPG,2023,18246000,21647000,149.55,235800,.19221306,2288000,6054000
PPIH,2023,150668,155711,7.9,8063.501,-.30244589,13359,32791
PPSI,2023,41493,33022,6.79,9930.022000000001,.92963415,-2654,1214
PRAX,2023,2447,87948,22.28,8570.010133,-.4714613,-126373,2495
PRCT,2023,136191,404717,41.91,50498.621,.0088675022,-109170,79204
PRGO,2023,4655600,10809100,32.18,135506.489,-.025018692,151900,4073400
PRLB,2023,503877,772353,38.96,25785.903,.42268109,28167,5484
PRPH,2023,44384,91927,4.52,18045.029,-.75637126,-21613,21380
PRPO,2023,15197,18101,6.5,1420.125,-.52863538,-7620,1116
PSTG,2023,2830621,3655760,51.99,324910.308,.71198106,53551,267869
PSTX,2023,64703,273885,3.36,95624.439,-.45576584,-129504,85423
PSX,2023,147399000,75501000,133.14,439955.575,.28571129,7897000,19359000
PTCT,2023,937822,1895698,27.56,75463.145,-.32568431,-439502,415026
PTON,2023,2800200,2769100,7.69,354338.124,-.17710638,-1197100,2363700
PVH,2023,9217700,11172900,140.61,57688.908,.45718908,928800,3533900
PXLW,2023,59677,95969,1.31,56693.517,-.3009524,-28636,2567
QCOM,2023,35820000,51040000,111.06,1116000,.0092816353,7788000,15398000
QMCO,2023,311600,187615,.5951,95040.60799999991,-.65878773,-28877,118721
QRVO,2023,3769506,6554635,114.83,96548.458,.12270451,91701,1988012
QTRX,2023,122368,425011,27.34,37829.746,.68006563,-49701,41464
QUAD,2023,2957700,1509700,5.42,51308.367,.28399885,25700,625300
QUIK,2023,21198,47792,13.86,13910.127,.99195397,70,22390
RAIL,2023,358093,259459,2.7,17903.437,-.16989899,10492,73852
RARE,2023,434249,1491013,47.82,82114.35000000001,.031654358,-569208,43169
RBC,2023,1560300,4678600,270.35,29181.921,.14983845,342200,1234200
RCKY,2023,461833,479385,30.18,7377.829,.27283907,35372,180695
RCUS,2023,117000,1095000,19.1,74855.565,-.079478502,-340000,0
REGN,2023,13117200,33080200,878.29,108946.984,.19665861,4047100,2702900
REVG,2023,2638000,1410400,18.17,59505.829,.37848043,88600,187400
REX,2023,833384,664802,58.71,17503.745,.71955299,68839,12847
REYN,2023,3756000,4780000,26.84,210009.231,-.077552795,512000,1890000
RFIL,2023,72168,82278,3.04,10289.891,-.5251956,-3797,34743
RGEN,2023,638764,2824411,179.8,55832.013,.06011343,54576,711804
RGNX,2023,90242,573970,17.95,43991.98,-.23389339,-268128,89290
RGR,2023,543767,398817,45.45,17722.682,-.08386445,52084,2170
RH,2023,3029126,4143897,348.26,18315.613,.35762691,366071,3109871
RIGL,2023,116882,117225,1.45,174369.503,-.033901691,-20491,60579
RIVN,2023,4434000,16778000,23.46,957717.591999999,.24131703,-5739000,5116000
RL,2023,6631400,6602600,187.76,63925.556,.49777937,756400,2656100
RLAY,2023,25546,843980,11.01,123268.74,-.30523825,-373000,53466
RMBS,2023,461117,1258227,68.25,107509.241,.64467096,153639,30708
RMCF,2023,27950.687,20577.218,3.62,6315.259,-.38123286,-4902.1558,2944.4709
RMD,2023,4222993,6751708,218.5,146930.66,.049238205,1131871,1579908
RMTI,2023,83612,52173,1.89,28489.663,.62168825,-6670,13195
RNA,2023,9560,628555,9.050000000000001,74101.254,-.89687705,-235598,9852
ROCK,2023,1377736,1256451,78.98,30436.438,.54316521,150729,35989
ROG,2023,908400,1517200,132.07,18616.519,.10135555,85300,48900
ROK,2023,9058000,11304000,285.87,114860.091,.301373,1693300,3251500
ROP,2023,6177800,28167500,545.17,106822.117,.23842478,1745200,6330100
RPM,2023,7256414,6782004,89.73,128911.63,.15046453,768426,2969333
RPRX,2023,2354554,16381851,28.09,388132.4,-.31583929,1492150,6186967
RRX,2023,6250700,15431400,148.02,66349.406,.21959686,377100,6635400
RTX,2023,68920000,161869000,84.14,1437901.284,-.1559329,3561000,45239000
RUN,2023,2259813,20450237,19.63,217878.898,-.20182776,-1978643,10966570
RVMD,2023,11580,2061705,28.68,109564.695,.18567443,-487185,87944
RVNC,2023,234040,478454,8.78999999999999,87813.48,-.74199152,-316777,478434
RVP,2023,43596.926,179672.212,1.11,29937.159,-.39039719,-11488.209,1537.51
RVTY,2023,2750571,13564665,109.31,123407.288,-.246737,300562,4032389
RXRX,2023,44575,653699,9.859999999999991,215873.796,.2459681,-350060,50672
RXST,2023,89077,182550,40.32,35861.604,1.1576107,-50085,3012
RYAM,2023,1643330,2182700,4.05,65343.418,-.86304617,-65264,777457
RYTM,2023,77428,332745,45.97,59096.454,.45656395,-184357,1260
SAGE,2023,86455,882277,21.67,59967.516,-.56533456,-579849,5165
SAM,2023,2008625,1429993,345.59,12191.052,.047616005,100001,45274
SANM,2023,8935048,4873968,54.28,57226.949,.16377687,455658,338272
SBEV,2023,18850.152,9898.768,.5524,43817.776,-.55411816,-15286.658,2172.302
SCL,2023,2325768,2363354,94.55,22367.381,-.10246706,58613,712172
SCPH,2023,13593,94479,6.27,35860.497,-.13412929,-55396,40269
SCS,2023,3159600,2236700,13.08,114221.723,.48155522,117800,630000
SCTL,2023,94635,153474,.3505,104788.222,-1.4471707,-3573,42353
SCYX,2023,140141,128412,2.23,37207.799,.35731578,72669,15080
SDGR,2023,216666,802955,35.8,62868.572,.64995933,-177448,127882
SDPI,2023,20973.551,27036.618,.714,30391.24,-.25251198,1776.9648,6662.6758
SEE,2023,5488900,7200600,36.52,144435.614,-.29087019,754600,4786200
SEER,2023,16661,436269,1.94,63825.213,-1.09517,-103463,28259
SENEA,2023,1458603,1383997,56.9,7117.502,.084872961,107231,641893
SENS,2023,22390,138220,.5701000000000001,528281.405,-.59150225,-75603,41195
SGC,2023,543302,422450,13.5,16505.826,.3526504,19487,106286
SGE,2023,42616,26526,1.5986,7877.842,,610,9108
SGH,2023,1441250,1505958,24.35,50067.897,.4281013,8745,856845
SGHT,2023,81056,166651,5.16,48749.876,-.86131859,-57274,33927
SGMT,2023,2000,96719,5.42,21375.402,,-30740,65
SHLS,2023,488939,843993,15.54,170057.495,-.4621706,79035,181445
SHOO,2023,1981582,1347943,42,74608.209,.2972517,213222,138878
SHYF,2023,872198,530049,12.22,34289.839,-.6988492,6753,132366
SIBN,2023,138886,230425,20.99,40501.023,.43397641,-46931,38992
SIF,2023,87022,95993,3.67,6107.148,.17851412,-6733,37455
SIGA,2023,139917.22,254352.855,5.6,71091.61599999991,-.19409633,83621.164,0
SILK,2023,177134,265309,12.27,38945.496,-1.4603004,-59271,75626
SITM,2023,143993,951683,122.08,22692.165,.18343639,-107200,0
SJM,2023,8529200,14991400,147.67,102046.613,.17067623,157500,4424600
SKIN,2023,397991,929113,3.11,131266.839,-1.0736517,-130917,752289
SKX,2023,8000342,7547351,62.34,153981.264,.39612484,784786,1683815
SKY,2023,2024823,1923341,85.01000000000001,57753.517,.12221909,175205,24669
SKYT,2023,286682,316756,9.61999999999999,47024.616,.30234206,-14788,62839
SKYX,2023,58785.762,76341.20299999991,1.6,92166.413,-.45425525,-37825.207,37840.816
SLAB,2023,782258,1443056,132.27,31779.335,-.025380135,-24154,45000
SLGN,2023,5988205,7611236,45.25,106498.436,-.12020707,595436,3426766
SLVM,2023,3721000,2872000,49.11,41553.68,.03436923,426000,959000
SMG,2023,3551300,3413700,51.68,56156.151,.23236799,-174400,2609700
SMP,2023,1358272,1293047,39.81,21729.292,.16573668,92677,245185
SMPL,2023,1242672,2097084,34.52,99548.989,.076115608,204949,283732
SMTC,2023,868758,1373735,27.49,64563.181,.12995195,-944322,1371039
SNA,2023,4730200,7544900,288.84,52779.959,.26008654,1039900,1254800
SNBR,2023,1887482,950880,14.83,22228,-.56067491,22942,972654
SNPO,2023,1060979,1602928,8.91,76530.395,.18434381,26350,563066
SOI,2023,292947,468297,7.96,44253.236,-.17132783,49902,119319
SON,2023,6781292,7191957,55.87,97956.364,-.048076868,715790,3348454
SONM,2023,93632,56043,.7349,43067.433,.54811597,513,55
SONO,2023,1655255,1002241,12.91,128258.157,-.073886633,-20547,54956
SOVO,2023,1020421,1234981,22.03,101455.355,.42726231,80562,498647
SPGC,2023,349,6394,.6870000000000001,14595.87,,-4633,201
SPR,2023,6047900,6950100,31.78,105570.958,.071062803,-134200,4167800
SPRB,2023,10089,103946,2.93,40710.692,.9820587,-51993,4358
SPRO,2023,103781,182390,1.47,52999.317,-.16285899,21481,5630
SPRY,2023,30,233188,5.48,95997.25199999991,-.44248414,-67520,274
SPXC,2023,1741200,2439700,101.01,45648.119,.43088198,221900,558300
SRDX,2023,132584,185733,32.09,14134,.054101944,5150,29405
SRI,2023,975818,679900,19.57,27547.977,-.096841812,12836,199143
SRM,2023,5760.533,4543.074,1.55,9765.5,,-2036.932,0
SRPT,2023,1243336,3264576,96.43000000000001,93546.681,-.2954812,-267824,1396808
SSD,2023,2213803,2704724,197.98,42672.921,.81252003,475149,536615
SSKN,2023,33358,42016,.5501,35048.833,-.36205947,-8604,15633
SSYS,2023,627598,1133905,14.28,69656.07399999991,.1856885,-87580,18660
STAA,2023,322415,488692,31.21,48817.473,-.44164968,28097,35834
STIM,2023,71348,115831,2.9,28933.132,-.86245334,-30554,62474
STLD,2023,18795316,14908420,118.1,161816.47,.20498848,3151181,3071056
STOK,2023,8780,228342,5.26,44653.782,-.5623281,-114773,0
STRO,2023,153731,470736,4.29,60953.204,-.63310516,-89278,33635
STRT,2023,492946,340930,18.14,4015.985,-.60292315,-6089,13000
STTK,2023,1657,159564,7.13,42485.485,1.1314021,-91957,3406
STZ,2023,9961800,25691700,271.76,182820.069,.19945526,3169700,11879300
SUPN,2023,607521,1277673,28.94,54632.847,-.20908523,-5269,33196
SVT,2023,43629,36587,12.5,2496.211,.1686554,-2113,2200
SWBI,2023,479242,541294,13.04,46082.706,.030584812,48407,61751
SWIM,2023,566492,835003,2.63,114755.945,-.20239753,16129,333121
SWK,2023,15781100,23663800,98.09999999999989,153311.412,.30418873,-3200,7176900
SWKS,2023,4772400,8426700,98.59,159392.574,.16998005,1125000,1481000
SWTX,2023,5447,725788,36.5,62578.877,.33883119,-343013,7057
SXC,2023,2063200,1660400,10.74,83756.217,.26058459,125100,490300
SXI,2023,741048,1024929,141.47,11902.676,.52200174,171089,199215
SXT,2023,1456450,2014507,66,42249.509,-.07518816,155023,658545
SXTP,2023,253.573,7783.771,1.02,5799.535,,-5154.583,13.65
SYK,2023,20498000,39912000,299.46,379894.65,.21349525,3888000,12995000
SYNA,2023,1355100,2611400,85.38,39523.948,-.32399607,154300,978000
SYPR,2023,136223,129342,2.03,22454.649,-.0089256167,969,15824
TACT,2023,72631,54198,6.98,9958.118,.09932971,5706,3899
TAP,2023,11702100,26375100,61.21,203556.028,.2001164,1438200,6223900
TARS,2023,17447,265491,20.25,33104.612,.32303214,-143158,29819
TAYD,2023,40199.354,57881.179,25.56,3509.152,1.0788555,6809.0659,0
TCMD,2023,274423,281438,14.3,23497.557,.21965313,18041,50375
TCON,2023,12045,10105,.1751,31144.335,-2.1411741,-9273,0
TCRX,2023,21049,272149,5.83,47824.68,1.3247621,-93458,92433
TDG,2023,6585000,19970000,843.13,55183.16,.47406626,2923000,19750000
TDY,2023,5635500,14527900,446.29,47184.697,.10972929,1034400,3244900
TECH,2023,1136702,2638692,81.63,157436.548,-.055885792,298944,454965
TELA,2023,58453,78048,6.62,24488.803,-.5522517,-44075,40515
TER,2023,2676298,3486824,108.52,152878.728,.22136736,501068,82614
TEX,2023,5151500,3615500,57.46,67300,.30820656,636500,623200
TFX,2023,2974489,7532546,249.34,46992.664,.0064177513,506313,1931955
TG,2023,702678,446461,5.41,34408.638,-.60091043,-143256,159371
TGI,2023,1192043,1686270,15.04,76866.07399999991,.26057076,86454,1078199
TGTX,2023,233662,329587,17.08,151410.073,.36726952,20633,110795
THO,2023,11121605,7260830,95.13,53314.31,.32894659,585491,1352112
THR,2023,494629,767740,32.72,33714.736,.27231598,75371,187490
THRM,2023,1469076,1234371,52.36,32796.297,-.22069573,77439,246713
THS,2023,3431600,4106600,41.45,55300,-.17505765,146900,1561400
TILE,2023,1261498,1230095,12.62,58106.975,.25046659,104522,507829
TKNO,2023,36684,128587,3.73,40727.78,-.41347575,-35563,30458
TKR,2023,4769000,6541700,80.15000000000001,70551.394,.14288759,657100,2474600
TMCI,2023,187118,251907,12.75,61675.861,-.58952808,-51428,73331
TMDX,2023,241623,706047,78.93000000000001,32647.698,.24595308,-28727,515946
TMO,2023,42857000,98726000,530.79,386372.321,-.034132957,6859000,34917000
TMST,2023,1362400,1175300,23.45,43154.816,.25509858,104400,24600
TNC,2023,1243600,1113400,92.69,18680.218,.42279148,138600,228000
TNDM,2023,747718,952658,29.58,65209.703,-.41845226,-233230,415667
TPR,2023,6660900,7116800,42.8,231797.8,.36902404,1172400,3292000
TPX,2023,4925400,4553900,50.97,172274.333,.40598226,584200,3266300
TR,2023,769365,1084391,33.24,69624.232,-.23736691,101828,15895
TRDA,2023,129013,469192,15.09,33368.078,.10986209,-3162,68230
TREX,2023,1094837,932885,82.79000000000001,108595.381,.67081141,276204,24340
TRMB,2023,3798700,9539300,53.2,248767.565,.050897598,448800,3188500
TRN,2023,2983300,8906500,26.59,81871.493,-.064414978,417000,5754200
TRNS,2023,259481,287552,111.43,8829.127,.22038794,19781,19029
TRS,2023,893550,1341660,25.33,41414.42,-.084794044,65440,443250
TRT,2023,43250,42186,4.81,4096.68,.10512948,2228,4110
TSBX,2023,19306,112815,2.545,23093.075,,-59032,3214
TSHA,2023,15451,172731,1.77,186960.193,-.2443853,-72439,59461
TSLA,2023,96773000,106618000,248.48,3178921.391,.70171547,8891000,5230000
TSLX,2023,438087,3343808,21.6,87546.49800000001,.30222869,197593,1780307
TSN,2023,52881000,36251000,50.49,355560.341,-.23351741,-395000,9506000
TTC,2023,4553200,3644300,95.9899999999999,103874.211,-.15042257,430700,1174700
TTMI,2023,2232567,3323663,15.81,102244.622,.047273397,42316,998622
TTNP,2023,184,8086,.4125,15016.295,-.64102411,-7277,65
TVTX,2023,145238,788913,8.99,75145.83100000001,-.84983706,-388138,404784
TWI,2023,1821800,1289245,14.88,61889.778,-.029141188,148727,426091
TWIN,2023,276960,289181,11.26,13815.707,.21738744,16060,29438
TWST,2023,245109,776403,20.26,57396.131,-.55353332,-217159,94069
TXG,2023,618727,965143,55.96,118208.601,.4289701,-265329,95370
TXMD,2023,1302,43309,2.25,10575.24,-.91004914,-8523,0
TXN,2023,17519000,32348000,170.46,908204.093,.062119961,7331000,11223000
TXT,2023,13683000,16856000,80.42,196005.457,.12850046,1053000,3526000
UAA,2023,5701879,4760734,7.38,435281.111,-.25146496,229751,1442788
UAMY,2023,8693.155000000001,28094.995,.249,107647.317,-.6706059,-7069.001,28.443001
UCTT,2023,1734500,1867700,34.14,44830.779,.029427052,35200,639900
UEIC,2023,420457,355872,9.390000000000001,12952.143,-.79578829,-85301,67560
UFI,2023,623527,538819,8.07,18056.208,-.55518031,-40871,148569
UFPI,2023,7218384,4017797,125.55,61812.538,.47167826,646534,384296
UFPT,2023,400072,404136,172.04,7638.812,.37797499,57664,46037
UG,2023,10885.154,12922.838,7.2,4594.319,-.35977089,2863.032,0
UI,2023,1940512,1406399,175.75,60441.733,-.33557081,544566,1123941
ULBI,2023,158644,178276,6.82,16340.113,.56919229,9475,25624
USAP,2023,285943,356690,20.08,9088.245000000001,1.0298188,13756,85579
USNA,2023,921010,632757,53.6,19129.806,.0074906349,93071,786
UTHR,2023,2327500,7167000,219.89,46993.601,-.2348175,1184900,700000
UTMD,2023,50224,135458,84.22,3629.525,-.16372347,16777,295
VATE,2023,1423000,1043600,1.23,79234.99099999991,-.41892433,26500,709800
VC,2023,3954000,2727000,124.9,27811.203,-.046385765,280000,445000
VCEL,2023,197516,353657,35.61,47724.543,.30153799,-6464,88043
VECO,2023,666435,1229041,31.03,56341.738,.51286864,69940,306470
VEEE,2023,33425.912,39846.713,1.42,9520,-.25365913,-11987.299,4278.3652
VERV,2023,11758,752688,13.94,63752.748,-.32793021,-223124,74907
VFC,2023,10454667,11612963,15.34,388815.956,-.35936999,-34062,7123801
VGR,2023,1424268,934095,11.28,155933.02,.01897788,328035,1383702
VHI,2023,1977100,2737000,15.19,28288.493,-.34852886,8800,546500
VIAV,2023,1106100,1850500,11.33,222449.401,-.15503287,82400,725700
VICR,2023,405059,594887,44.94,44450.28,-.1790154,51358,8228
VIR,2023,86180,1919060,10.06,134521.285,-.92263246,-684305,111673
VIRC,2023,269117,146445,10.93,16347.314,1.0190995,30869,11957
VISL,2023,27482,44992,3.88,2387.596,-1.0600786,-10598,1218
VITL,2023,471857,275178,15.69,41602.263,.050321102,33254,22564
VLO,2023,144766000,63056000,130,340452.942,.056969643,11858000,11524000
VMI,2023,4174598,3477448,233.51,20890.609,-.33894682,291557,1274552
VNDA,2023,192640,648440,4.22,57531.999,-.56029272,-13952,7006
VNT,2023,3095200,4294000,34.55,154327.695,.58409905,543400,2346700
VPG,2023,355048,471566,34.07,13533.183,-.12612939,41954,58485
VRA,2023,470786,380786,6.8,30789.436,.12683117,10442,81004
VRCA,2023,5124,81597,7.32,42064.553,.97900939,-65759,45510
VREX,2023,893400,1249600,18.79,40400,-.1178422,77100,469500
VRT,2023,6863200,7998500,48.03,381441.5,1.2579079,872200,3083500
VRTX,2023,9869200,22730200,406.89,257683.184,.34287786,3832000,724700
VSAT,2023,4283758,16329364,18.09,125320.499,-.62628436,-889806,7566933
VSH,2023,3402045,4239923,23.97,144730.764,.12188959,486144,947503
VSTO,2023,2746063,2402380,32.78,58146.933,.16802526,50453,822937
VTGN,2023,1064,123653,5.28,27025.209,.34457314,-33021,2120
VTNR,2023,3177187,854624,3.39,93514.34600000001,-.60371935,-28613,491537
VTRS,2023,15426900,47685500,10.83,1199671,.020361662,766200,18131500
VUZI,2023,12129.139,86147.681,2.085,63327.608,-.55721486,-52301.539,301.185
VVOS,2023,13801,10730,12.44,1197.258,.21334457,-17296,1995
VVV,2023,1443500,2889900,32.24,138662.731,.24462104,247200,1833400
VXRT,2023,7379,91830,.5728,152038.84,-.51733375,-83347,20088
VYGR,2023,250008,351281,8.44,43995.363,.32469344,122014,0
VYX,2023,3830000,4990000,16.91,141200,-.32525802,37000,2832000
VZIO,2023,1680000,960700,7.7,187628.42,.038389921,24800,0
WAB,2023,9677000,18988000,126.9,179159.16,.24657869,1266000,4069000
WALD,2023,218138,1042710,10.94,122076.41,.18690228,-81931,177724
WAT,2023,2956416,4626854,329.23,59126.977,-.039748669,817676,2442264
WDC,2023,12318000,24429000,37.93,319937.433,-.16713524,-1285000,7070000
WDFC,2023,537255,437966,203.24,13562.846,.16328049,89724,126375
WGO,2023,3490700,2432400,59.45,30210.602,.12935662,300700,648100
WHD,2023,1096960,1522561,45.4,79429.598,-.090931416,264366,39973
WHR,2023,19455000,17312000,121.77,54853.011,-.095257759,1015000,7843000
WIRE,2023,2567722,1967912,213.6,15776.307,.44053459,451373,0
WLK,2023,12548000,21035000,139.96,128140.768,.32484913,729000,5517000
WMS,2023,2874473,3268913,172.24,77616.82799999991,.72007465,732131,1351068
WNC,2023,2536500,1362814,25.62,46087.303,.13924098,311949,396465
WOLF,2023,921900,6586700,55.59,124474.27,-.13224888,-380600,4184800
WOR,2023,4916392,3650918,69.47,49755.365,.47694492,212367,795385
WRBY,2023,669765,580312,14.1,113182.975,.04422617,-71996,174457
WRK,2023,20310000,27443700,35.8,256279.376,.18163729,-1511500,8583900
WST,2023,2949800,3829500,352.12,73989.67,.40523529,676000,309000
WTS,2023,2056300,2309400,208.34,33326.245,.36167002,350900,298300
WVVI,2023,39136.114,105708.149,5.3574,4964.529,-.10778224,-1207.2021,23516.969
WWD,2023,2914566,4010203,124.26,60417.6,.44498587,270624,721526
WWW,2023,2242900,2062800,8.890000000000001,79532.461,-.16931248,-68200,1087900
X,2023,18053000,20451000,48.65,223038.5,.67147183,838000,4409000
XAIR,2023,1159,56961,1.74,36039.056,-1.3556575,-63006,17837
XNCR,2023,168338,952692,21.23,60875.198,-.20421839,-138639,83434
XOM,2023,344582000,376317000,99.98,3962917.886,-.064661503,54346000,41573000
XOMA,2023,4758,234301,18.5,11487.808,.0054199696,-41848,124450
XPON,2023,5981.134,11905.331,5.39,6910.717,.85163629,-7169.6123,5958.7261
XRAY,2023,3965000,7370000,35.59,211860.391,.12665296,-85000,2243000
XRX,2023,6886000,9982000,18.33,122905.999,.29132056,179000,1780000
XTNT,2023,91303,92612,1.13,130110.25,.53773308,-10158,23559
XYL,2023,7364000,16112000,114.36,241077.78,.046624184,652000,2284000
YETI,2023,1658713,1297192,51.78,86852.88099999991,.22589946,225458,176113
YHGJ,2023,17804,17247,2.1373,20096.755,.72032267,-399,10372
YMAB,2023,84819,127869,6.82,43621.618,.33471429,-25672,1419
ZBH,2023,7394200,21496900,121.7,208980.711,-.038827419,1277700,5767900
ZBRA,2023,4584000,7306000,273.33,51359.604,.063901901,481000,2372000
ZIMV,2023,457433,1205345,17.75,26536.071,.64207911,-30939,517877
ZTS,2023,8544000,14286000,197.37,459113.691,.30679417,3016000,6755000
ZVIA,2023,166424,90857,2.01,71340.33500000001,-.7104103,-28943,1948
ZWS,2023,1530500,2667000,29.41,172810.551,.340976,191400,532600
